products_id,products_name,products_viewed,
221,Super Sleek Women?s Italian Leather Document Briefcase (PR 328),6012,
223,Alberti Small Ladies Italian leather Handbag (PR328/26),7661,
224,Vintage Women?s Italian Leather Handbag (PR285P),9617,
225,The Litigator Italian Leather Briefcase (PR 388),4733,
226,Machiavelli Slim Italian leather Attache case 24h (PR317/7),6504,
227,Machiavelli Italian Leather Attache case 24h (PR 317/9),5078,
228,Beato Angelico Italian Leather Handbag (PR256/32),6435,
229,Piero della Francesca Italian Leather Handbag(PR 251),4808,
230,Cimabue Italian Leather Ladies Briefcase (PR 421),7417,
231,Pinturicchio Italian Leather Handbag (PR450),6159,
232,Pinturicchio Italian Leather Handbag (PR450/s),6998,
118,Italfama Italian Chess Men Solid Metal Old World Chess Men,4968,
119,Handcrafted Wood Italian Chess Men (ITPG250-78),4375,
153,Hand Inlaid Elm Root Table with Large Roman Emperor Busts,2804,
122,Folding Magnetic Travel Chess Set (ITG1034),5851,
150,Hand Inlaid Table With Large Resin Pieces,2616,
194,The Retro Women?s Italian Leather Handbag,4332,
195,Talja Euro Tote (T021),6424,
190,Hand Crafted Carrying Case for Backgammon Pieces,5097,
129,The French Classic Chess Men,1782,
132,Large Renaissance Chess Men,3366,
157,Table Top Backgammon Board,4322,
134,Large Roman Emperor Busts Chess Men,2276,
135,Large Staunton Gold and Silver Plated Chess Men,2881,
136,Large Staunton Brass and Pewter Chess Men,1785,
137,ROMANS VS. EGYPTIANS CHESS MEN,3195,
141,Hand Inlaid Elm Root Table with Michelangelo Chess Men,3605,
155,The Supreme Staunton Set,1984,
156,Walnut and Brass Gaming Table with Brass and Pewter Golf Chess m,2245,
144,The Renissance Gaming Set,2048,
159,Hand Inlaid Wood Chess set,2798,
192,Exquisite Medieval Chess Set ITK831CS,7328,
160,Maple and Rosewood Magnetic Chess set,2222,
165,Hand Inlaid Fold and Carry Backgammon Board,3237,
166,Three Player Cribbage,2196,
167,Two Player Cribbage Board,10656,
168,Rosewood Two Player Cribbage,2851,
169,Rosewood Snake Two Player Cribbage Board,6083,
178,Urban Elegance Italiana Leather Womens Briefcase (IP9073),402,
179,Seriously Charming Briefcase (IP9118),344,
180,Modern Finesse Italian Leather Briefcase (IP9130),561,
181,Out and About Elegant Womens Messenger Bag (T101),5606,
183,The Equestrian Womens Italian Leather Handbag,5515,
184,Today's Classic Italian Leather Briefcase (IM108),9987,
185,The Sac Italian Leather Handbag (IM1500),6610,
186,The Spacious Italian Leather Briefcase (IM4050),7511,
187,Cartella Scoula Italian Leather Briefcase (IM4500),12868,
188,Globe Bar(S-50/rt),5556,
189,Globe Car (S-50/92),404,
196,Talja Classic Tote (T101),4017,
222,Alberti Ladies Italian Leather Handbag (PR328/32),14445,
198,SIMPLY IRRESISTABLE ITALIAN LEATHER HANDBAG,4346,
199,THE EYECATCHER ITALIAN LEATHER HANDBAG,4773,
200,THE SUPER CHIC WOMENS ITALIAN LEATHER HANDBAG,4580,
201,T040,3264,
202,THE AGLESS BEAUTY WOMENS ITALIAN LEATHER HANDBAG,4630,
203,T085,0,
204,Super Slender Talja Handbag (T088),6531,
205,Old Fashioned Train Case (T091),7820,
208,HAND INLAID ERABLE CHESS BOARD LT BLUE (523R),70,
209,HAND INLAID ERABLE CHESS BOARD GREY (513R),6046,
210,HAND INLAID ERABLE CHESS BOARD GREEN (510R),5230,
211,HAND INLAID ERABLE CHESS BOARD BLUE (523R),4941,
212,HAND INLAID BUBINGA AND MAPLE CHESS BOARD,2553,
213,HAND INLAID WALNUT AND MAPLE WOOD CHESS BOARD,3755,
214,IM203,0,
216,URBAN ELEGANCE WOMENS ITALIAN LEATHER BRIEFCASE,383,
217,IP9118,286,
218,MODERN FINESSE WOMENS ITALIAN LEATHER BRIEFCASE,273,
219,Pratesi Brunelleschi Men's Lawyer's Briefcase (pr120),9551,
220,Lady Brunelleschi Bag (PR120N),4400,
47,IM1950,165,
46,The Super Sleek Italian Leather Laptop Briefcase,6394,
43,Borsone Classico Leather Luggage (IM9100),9986,
45,Borsa Uomo Indy Leather Messenger Bag (IM8100),6709,
42,The Florentine Junior Briefcases (IM 4730),6898,
48,Borsa Shopping Leather Tote Bag (IM 2000),14502,
49,Old School Italian Leather Messenger Backpack (IM4350),19506,
50,The Stylish Traveler Italian Leather Suitcase on wheels (IM135),6238,
51,Leather Luggage Bag or Briefcase IM249,8325,
52,Borsa Sella Italian Leather Handbag (IM3100),8747,
53,The Versatile Womens Italian Leather Business Handbags (IM5100),9010,
54,The Contemporary Italian Leather Messenger Bag(IM3900),5244,
55,Rugged Elegance Italian Leather Backpack(IM6830),24138,
56,The Spacious Italian Leather Duffel Bag on wheels,11119,
161,HAND INLAID ROSEWOOD AND MAPLE TRAVEL CHESS SET,2534,
58,The Out and About Italian Leather Messenger Bag(IM120),4483,
162,"ROSEWOOD CRIBBAGE ""29""",2142,
60,Italian Leather Duffel on Wheels,4471,
61,Postina Due Leather Messenger Bag (IM3750),12425,
206,HAND INLAID ERABLE CHESS BOARD BLACK (530R),2331,
64,IMF8005,105,
65,Business Chic Women?s Italian Leather Briefcase (IM201),12508,
66,Second Skin Italian Leather Messenger Bag(IM950),11994,
70,Slim Italian Leather Document Briefcase (IM111),10926,
71,The Compact Italian Leather Trolley On Wheels,3598,
148,The Business Companion Italian Leather Garment Bag,5676,
73,Cartella Due Manici  Document Leather Briefcase (IM83),17744,
74,The Size and Style Italian Leather Handbag(IM2500),9406,
75,The Streamlined Italian Business Purse(IM2875),7161,
76,Borsa Babylon Italian Leather Handbag (IM2975),254,
77,All In One Italian Leather Messenger Bag (IM4300),16554,
78,The I Medici  Bottle Backpack (IM6100),7905,
207,HAND INLAID ERABLE CHESS BOARD RED (511R),2325,
80,The Easy Packer Italian Leather Duffle on wheels,4099,
81,The Classic Italian Leather Briefcase (IM90),11179,
82,Carry Computer In Style Italian Leather Laptop Briefcase,7384,
83,The Timeless Italian Leather Handbag (IM2950),13725,
84,The Mega Organized Italian Leather Messenger Bag(IM3875),7189,
85,Cartellone Indy Leather Briefcase Laptop Case (IM4200),27639,
86,I Medici Firenze Leather Italian Handbag (IM9600),52219,
87,The Italian Old West Messenger Bag,7260,
88,Sharp Curves Italian Leather Messenger Bag,7840,
89,Postina Leather Messenger Bag (IM5700),24226,
90,Borsone Pak-n-Stak (IM9300),10833,
91,The Saddle Italian Leather Messenger Bag(IM3350),5713,
109,Italian Leather Chiarugi Half Flap Briefcase(C4506),3136,
151,HAND INLAID CHESS TABLE,2838,
233,PELLEVERA - Prestige Italian Leather Golf Bag (o3035),5256,
234,PELLEVERA - Italian Deluxe Leather Golf Shoe Bag (PV3039),5388,
235,PELLEVERA Leather Pro Staff Golf Bag,3554,
236,PELLEVERA - Leather Golf Shoe Bag (o3042),3,
237,PELLEVERA - Leather Golfer Duffle o3032,1,
238,PELLEVERA - Leather Golfer Tote o3030,1,
239,PELLEVERA - Leather Head Covers o3040,2,
240,CHIARUGI SERIOUS BUSINESS BRIEFCASE(C4503),2884,
241,Chiarugi Diplomat Briefcase (C4454),7284,
242,CHIARUGI DOCUMENT BRIEFCASE WITH HANDLES (C2319),2697,
243,CHIARUGI FIRENZE BRIEFCASE (C4342),4856,
244,Chiarugi Classic Briefcase (C4392),3075,
245,Chiarugi Deluxe Classic Briefcase - C4431,5519,
246,CHIARUGI SIMPLE BRIEFCASE (C4516),3412,
247,CHIARUGI MODERN CLASSIC BRIEFCASE (C4569),4057,
248,Chiarugi Understated Briefcase Brown (C4570bla),3006,
249,Chiarugi Understated Briefcase (C4570),2613,
250,CHIARUGI - Briefcase Double Front Pocket (C4478),768,
251,CHIARUGI SOFT STRUCTURE BRIEFCASE (C4502),3781,
252,Napoleon and Josephine  (ITP19-57),1604,
253,Pilot Case Arnolfo di Cambio Borsa da Pilota - Pratesi,4346,
254,Pratesi Woman Bag (BR104),3357,
255,CAPALBIO(BR 108G),2996,
256,BR 177,66,
257,BR 181,4670,
258,Leather Briefcase (BR500),10150,
259,BR Tag,46,
260,THE RUGGED LITIGATOR ITALIAN LEATHER BRIEFCASE (IM 115),3379,
261,IM 81,2123,
263,Spacious 2 Italian Leather Briefcase (IM4000),2794,
264,Simple Folder Leather Bag (IM4450),6009,
266,Italian Leather Backpacks (IM 6000),5890,
267,Firenze Italiano Leather Briefcase (IM 4000),70,
268,Italian Leather Backpacks | IM 7350,6787,
310,CHIARUGI - Leather Briefcase (C4528),2060,
270,Travel With Style Italian leather Toiletry Case (PR 527),3400,
271,Gold Peacock (T022),5528,
272,Dogs Playing Poker,5421,
273,THE SUPER SLEEK TOTE  FRENCH CHAINS (T 022),3686,
274,Talja Italian leather Women Handbag French Chains (T028P),4660,
275,T - No Name,31,
277,TALJA ELEGANT SHOULDERBAG (T090,3407,
278,T No Name 3,27,
280,Brass and Pewter Goblets,3181,
282,Globe With Pen,2966,
283,EGYPTIAN PILICROMO(IT19-55),2069,
284,Globe Book Ends,1879,
285,Desk Globe from Santelli,1978,
286,Golf,1331,
287,Old World Map Pencil Cup,3060,
288,Old World Map Round Pencil Cup,3856,
289,Old World Map Desk Organizer,3083,
290,Old World Map Nesting Trays,2363,
291,Chess 4,534,
292,IM 6000,1455,
293,Stefano Three Backpack (IM 7300),6546,
295,Bruce,23,
296,IM-needname-4,75,
298,ITALIAN LEATHER BEAUTY CASE (PR 527),7524,
299,ART 022 PEACOCK,7201,
300,Duffel Bag - Leather Luggage Nordkapp (BR177),4627,
301,Book 2,9,
302,IM-needname-9,80,
304,IM-needname13,85,
305,Hand Made Leather Bottle Porter,8512,
306,GIOTTO BAG(PR321),5134,
322,Women Handbag (IM560),1506,
323,Totes & Travel Duffle Bag (IM9500),3966,
324,Leather Binder with Calendar IM73,1631,
325,Italian Leather Briefcase (IM4100),2219,
311,Leather Briefcase Laptop Case (IM4250),1949,
312,Cartella Italian Leather Document Briefcase (IM110),1474,
314,Borsone Caraibi I Medici Travel Bag IM9175,1651,
315,Pratesi Laptop Briefcase (B120),802,
316,Botticelli - Briefcase (453),1484,
317,Brunelleschi Briefcase (120/37),1718,
318,IM250,3153,
319,Messenger Bag IM3700,1916,
320,Messenger Bag IM3800,3008,
321,Leather Briefcase IM4700,2919,
326,Italian Leather Laptop Briefcase,1168,
327,Zaino Montagnallno Leather Italian Backpack (IM7150),814,
328,Italian Leather Handbag (IM2475),1275,
329,Large Leather Briefcase (IM106),466,
330,Women Leather Wallet,1029,
331,Women Handbag (IM550),661,
332,Leather Bag Clasp,338,
333,Briefcase Tuck Lock Solid Brass,400,
334,Attach Case Machiavelli  (K317/7),470,
335,Leather Bag Shoulder Strap Replacement,34,
336,Briefcase Lock Brass,227,
337,Grommet for a Leather Briefcase,210,
338,Leather Bag Hardware - Leather Bag Buckle Screws (Set of 2),138,
339,Folder Backpack Briefcase  IM4600,280,
