Accessories,57
Birthday Gifts,31
Duffle Bag,34
Leather Golf Bags,38
Italfama Chess Pieces,39
Italfama Chess Boards,40
Italfama Chess Tables,41
Italfama Chess Sets,42
Italfama Cribbage Game,43
Backgammon Board Game,44
Leather Backpacks,23
Anniversary,30
Leather Briefcases,24
Master Collection,37
Leather Luggage,25
Occasion,29
Messenger Bags,26
Chess,36
Leather Laptop Cases,27
Leather Handbags,21
italian,28
Mother's Day,58
Father's Day,59
Leather Christmas Gifts,60
Valentine's Day,61
Attorney Briefcases,63
Pilot Cases,64
Profession,65
Women Handbags,66
Limited Edition Chess,67
Lawyers,68
Tote Bags,69
Leather Wallets,70
Leather Bag Parts,71
